{"resourceType":"ValueSet","id":"HIVstatus-values","text":{"status":"generated","div":"<div xmlns=\"http://www.w3.org/1999/xhtml\"><p>This value set includes codes based on the following rules:</p><ul><li>Include these codes as defined in <a href=\"http://www.snomed.org/\"><code>http://snomed.info/sct</code></a><table class=\"none\"><tr><td style=\"white-space:nowrap\"><b>Code</b></td><td><b>Display</b></td></tr><tr><td><a href=\"http://snomed.info/id/278977008\">278977008</a></td><td>Human immunodeficiency virus status (observable entity)</td></tr></table></li><li>Include these codes as defined in <a href=\"CodeSystem-ICD11.html\"><code>http://id.who.int/icd11/mms</code></a><table class=\"none\"><tr><td style=\"white-space:nowrap\"><b>Code</b></td><td><b>Display</b></td></tr><tr><td><a href=\"CodeSystem-ICD11.html#ICD11-1C62.46Z\">1C62.Z</a></td><td>Human immunodeficiency virus disease without mention of associated disease or condition, clinical stage unspecified</td></tr><tr><td><a href=\"CodeSystem-ICD11.html#ICD11-MA14.460\">MA14.0</a></td><td>Laboratory evidence of human immunodeficiency virus</td></tr></table></li></ul></div>"},"url":"http://smart.who.int/ig/smart-immunizations-measles/ValueSet/HIVstatus-values","version":"0.1.0","name":"HIVstatusvalues","title":"HIV status values","status":"draft","experimental":false,"date":"2023-10-22T13:18:40+00:00","publisher":"WHO","contact":[{"name":"WHO","telecom":[{"system":"url","value":"http://who.int"}]}],"description":"Codes representing HIV status values","immutable":true,"compose":{"include":[{"system":"http://snomed.info/sct","concept":[{"code":"278977008","display":"Human immunodeficiency virus status (observable entity)"}]},{"system":"http://id.who.int/icd11/mms","concept":[{"code":"1C62.Z","display":"Human immunodeficiency virus disease without mention of associated disease or condition, clinical stage unspecified"},{"code":"MA14.0","display":"Laboratory evidence of human immunodeficiency virus"}]}]}}